Method,Job,AnalyzeLaunchVariance,EvaluateOverhead,MaxAbsoluteError,MaxRelativeError,MinInvokeCount,MinIterationTime,OutlierMode,Affinity,EnvironmentVariables,Jit,LargeAddressAware,Platform,PowerPlanMode,Runtime,AllowVeryLargeObjects,Concurrent,CpuGroups,Force,HeapAffinitizeMask,HeapCount,NoAffinitize,RetainVm,Server,Arguments,BuildConfiguration,Clock,EngineFactory,NuGetReferences,IsMutator,InvocationCount,IterationCount,IterationTime,LaunchCount,MaxIterationCount,MaxWarmupIterationCount,MemoryRandomization,MinIterationCount,MinWarmupIterationCount,RunStrategy,UnrollFactor,WarmupCount,Mean,Error,StdDev,Gen0,Allocated
"'MathEvaluator: ""22888.32 * 30 / 323.34 / .5 - -1 / (2 + 22888.32) * 4 - 6""'",.NET 10.0,False,Default,Default,Default,Default,Default,Default,1111111111111111,Empty,RyuJit,Default,X64,8c5e7fda-e8bf-4a96-9a85-a6e23a8c635c,.NET 10.0,False,True,False,True,Default,Default,False,False,True,Default,Default,Default,Default,Default,Default,Default,Default,Default,Default,Default,Default,Default,Default,Default,Default,16,Default,517.1 ns,2.21 ns,2.06 ns,0.0029,112 B
"'NCalc: ""22888.32 * 30 / 323.34 / .5 - -1 / (2 + 22888.32) * 4 - 6""'",.NET 10.0,False,Default,Default,Default,Default,Default,Default,1111111111111111,Empty,RyuJit,Default,X64,8c5e7fda-e8bf-4a96-9a85-a6e23a8c635c,.NET 10.0,False,True,False,True,Default,Default,False,False,True,Default,Default,Default,Default,Default,Default,Default,Default,Default,Default,Default,Default,Default,Default,Default,Default,16,Default,"7,872.5 ns",35.39 ns,29.55 ns,0.2289,8728 B
"'MathEvaluator: ""Sin(pi/6) + Cos(pi/3)""'",.NET 10.0,False,Default,Default,Default,Default,Default,Default,1111111111111111,Empty,RyuJit,Default,X64,8c5e7fda-e8bf-4a96-9a85-a6e23a8c635c,.NET 10.0,False,True,False,True,Default,Default,False,False,True,Default,Default,Default,Default,Default,Default,Default,Default,Default,Default,Default,Default,Default,Default,Default,Default,16,Default,359.7 ns,1.39 ns,1.23 ns,0.0029,112 B
"'NCalc: ""Sin(pi/6) + Cos(pi/3)""'",.NET 10.0,False,Default,Default,Default,Default,Default,Default,1111111111111111,Empty,RyuJit,Default,X64,8c5e7fda-e8bf-4a96-9a85-a6e23a8c635c,.NET 10.0,False,True,False,True,Default,Default,False,False,True,Default,Default,Default,Default,Default,Default,Default,Default,Default,Default,Default,Default,Default,Default,Default,Default,16,Default,"11,606.6 ns",38.68 ns,34.29 ns,0.6256,23848 B
"'MathEvaluator: ""Sin(a) + Cos(b)""'",.NET 10.0,False,Default,Default,Default,Default,Default,Default,1111111111111111,Empty,RyuJit,Default,X64,8c5e7fda-e8bf-4a96-9a85-a6e23a8c635c,.NET 10.0,False,True,False,True,Default,Default,False,False,True,Default,Default,Default,Default,Default,Default,Default,Default,Default,Default,Default,Default,Default,Default,Default,Default,16,Default,387.0 ns,1.27 ns,1.12 ns,0.0196,736 B
"'NCalc: ""Sin(a) + Cos(b)""'",.NET 10.0,False,Default,Default,Default,Default,Default,Default,1111111111111111,Empty,RyuJit,Default,X64,8c5e7fda-e8bf-4a96-9a85-a6e23a8c635c,.NET 10.0,False,True,False,True,Default,Default,False,False,True,Default,Default,Default,Default,Default,Default,Default,Default,Default,Default,Default,Default,Default,Default,Default,Default,16,Default,"10,459.6 ns",62.74 ns,55.62 ns,0.6104,23296 B
"'MathEvaluator: ""A or not B and (C or B)""'",.NET 10.0,False,Default,Default,Default,Default,Default,Default,1111111111111111,Empty,RyuJit,Default,X64,8c5e7fda-e8bf-4a96-9a85-a6e23a8c635c,.NET 10.0,False,True,False,True,Default,Default,False,False,True,Default,Default,Default,Default,Default,Default,Default,Default,Default,Default,Default,Default,Default,Default,Default,Default,16,Default,487.6 ns,2.45 ns,2.05 ns,0.0238,896 B
"'NCalc: ""A or not B and (C or B)""'",.NET 10.0,False,Default,Default,Default,Default,Default,Default,1111111111111111,Empty,RyuJit,Default,X64,8c5e7fda-e8bf-4a96-9a85-a6e23a8c635c,.NET 10.0,False,True,False,True,Default,Default,False,False,True,Default,Default,Default,Default,Default,Default,Default,Default,Default,Default,Default,Default,Default,Default,Default,Default,16,Default,"13,197.2 ns",46.81 ns,43.79 ns,0.7477,28448 B
"'MathEvaluator: ""A != B && !C ^ -2.9 >= -12.9 + 0.1 / 0.01""'",.NET 10.0,False,Default,Default,Default,Default,Default,Default,1111111111111111,Empty,RyuJit,Default,X64,8c5e7fda-e8bf-4a96-9a85-a6e23a8c635c,.NET 10.0,False,True,False,True,Default,Default,False,False,True,Default,Default,Default,Default,Default,Default,Default,Default,Default,Default,Default,Default,Default,Default,Default,Default,16,Default,881.0 ns,2.54 ns,2.25 ns,0.0238,896 B
"'NCalc: ""A != B && !C ^ -2.9 >= -12.9 + 0.1 / 0.01""'",.NET 10.0,False,Default,Default,Default,Default,Default,Default,1111111111111111,Empty,RyuJit,Default,X64,8c5e7fda-e8bf-4a96-9a85-a6e23a8c635c,.NET 10.0,False,True,False,True,Default,Default,False,False,True,Default,Default,Default,Default,Default,Default,Default,Default,Default,Default,Default,Default,Default,Default,Default,Default,16,Default,"13,143.2 ns",79.54 ns,74.40 ns,0.6561,24544 B
"'MathEvaluator: ""22888.32 * 30 / 323.34 / .5 - -1 / (2 + 22888.32) * 4 - 6""'",.NET 8.0,False,Default,Default,Default,Default,Default,Default,1111111111111111,Empty,RyuJit,Default,X64,8c5e7fda-e8bf-4a96-9a85-a6e23a8c635c,.NET 8.0,False,True,False,True,Default,Default,False,False,True,Default,Default,Default,Default,Default,Default,Default,Default,Default,Default,Default,Default,Default,Default,Default,Default,16,Default,669.0 ns,3.56 ns,3.16 ns,0.0000,112 B
"'NCalc: ""22888.32 * 30 / 323.34 / .5 - -1 / (2 + 22888.32) * 4 - 6""'",.NET 8.0,False,Default,Default,Default,Default,Default,Default,1111111111111111,Empty,RyuJit,Default,X64,8c5e7fda-e8bf-4a96-9a85-a6e23a8c635c,.NET 8.0,False,True,False,True,Default,Default,False,False,True,Default,Default,Default,Default,Default,Default,Default,Default,Default,Default,Default,Default,Default,Default,Default,Default,16,Default,"9,378.5 ns",57.05 ns,53.37 ns,0.0305,8992 B
"'MathEvaluator: ""Sin(pi/6) + Cos(pi/3)""'",.NET 8.0,False,Default,Default,Default,Default,Default,Default,1111111111111111,Empty,RyuJit,Default,X64,8c5e7fda-e8bf-4a96-9a85-a6e23a8c635c,.NET 8.0,False,True,False,True,Default,Default,False,False,True,Default,Default,Default,Default,Default,Default,Default,Default,Default,Default,Default,Default,Default,Default,Default,Default,16,Default,412.2 ns,1.48 ns,1.15 ns,0.0000,112 B
"'NCalc: ""Sin(pi/6) + Cos(pi/3)""'",.NET 8.0,False,Default,Default,Default,Default,Default,Default,1111111111111111,Empty,RyuJit,Default,X64,8c5e7fda-e8bf-4a96-9a85-a6e23a8c635c,.NET 8.0,False,True,False,True,Default,Default,False,False,True,Default,Default,Default,Default,Default,Default,Default,Default,Default,Default,Default,Default,Default,Default,Default,Default,16,Default,"12,839.1 ns",49.03 ns,43.47 ns,0.0916,24712 B
"'MathEvaluator: ""Sin(a) + Cos(b)""'",.NET 8.0,False,Default,Default,Default,Default,Default,Default,1111111111111111,Empty,RyuJit,Default,X64,8c5e7fda-e8bf-4a96-9a85-a6e23a8c635c,.NET 8.0,False,True,False,True,Default,Default,False,False,True,Default,Default,Default,Default,Default,Default,Default,Default,Default,Default,Default,Default,Default,Default,Default,Default,16,Default,436.9 ns,1.24 ns,1.16 ns,0.0029,736 B
"'NCalc: ""Sin(a) + Cos(b)""'",.NET 8.0,False,Default,Default,Default,Default,Default,Default,1111111111111111,Empty,RyuJit,Default,X64,8c5e7fda-e8bf-4a96-9a85-a6e23a8c635c,.NET 8.0,False,True,False,True,Default,Default,False,False,True,Default,Default,Default,Default,Default,Default,Default,Default,Default,Default,Default,Default,Default,Default,Default,Default,16,Default,"12,236.0 ns",69.60 ns,58.12 ns,0.0916,24160 B
"'MathEvaluator: ""A or not B and (C or B)""'",.NET 8.0,False,Default,Default,Default,Default,Default,Default,1111111111111111,Empty,RyuJit,Default,X64,8c5e7fda-e8bf-4a96-9a85-a6e23a8c635c,.NET 8.0,False,True,False,True,Default,Default,False,False,True,Default,Default,Default,Default,Default,Default,Default,Default,Default,Default,Default,Default,Default,Default,Default,Default,16,Default,571.0 ns,1.53 ns,1.36 ns,0.0029,896 B
"'NCalc: ""A or not B and (C or B)""'",.NET 8.0,False,Default,Default,Default,Default,Default,Default,1111111111111111,Empty,RyuJit,Default,X64,8c5e7fda-e8bf-4a96-9a85-a6e23a8c635c,.NET 8.0,False,True,False,True,Default,Default,False,False,True,Default,Default,Default,Default,Default,Default,Default,Default,Default,Default,Default,Default,Default,Default,Default,Default,16,Default,"14,717.9 ns",61.52 ns,57.55 ns,0.1068,29512 B
"'MathEvaluator: ""A != B && !C ^ -2.9 >= -12.9 + 0.1 / 0.01""'",.NET 8.0,False,Default,Default,Default,Default,Default,Default,1111111111111111,Empty,RyuJit,Default,X64,8c5e7fda-e8bf-4a96-9a85-a6e23a8c635c,.NET 8.0,False,True,False,True,Default,Default,False,False,True,Default,Default,Default,Default,Default,Default,Default,Default,Default,Default,Default,Default,Default,Default,Default,Default,16,Default,992.0 ns,4.63 ns,4.11 ns,0.0019,896 B
"'NCalc: ""A != B && !C ^ -2.9 >= -12.9 + 0.1 / 0.01""'",.NET 8.0,False,Default,Default,Default,Default,Default,Default,1111111111111111,Empty,RyuJit,Default,X64,8c5e7fda-e8bf-4a96-9a85-a6e23a8c635c,.NET 8.0,False,True,False,True,Default,Default,False,False,True,Default,Default,Default,Default,Default,Default,Default,Default,Default,Default,Default,Default,Default,Default,Default,Default,16,Default,"15,337.3 ns",115.67 ns,96.59 ns,0.0916,25408 B
